<?xml version="1.0"?>
<opencv_storage>
<armor_thres_red>60</armor_thres_red>
<armor_thres_blue>60</armor_thres_blue>
<armor_exp_red>46</armor_exp_red>
<armor_exp_blue>46</armor_exp_blue>

<sudoku_exp>57</sudoku_exp>
<sudoku_led_thres>121</sudoku_led_thres>
<sudokunew_exp>115</sudokunew_exp>
<sudokunew_led_thres>170</sudokunew_led_thres>
<sudokunew_board_thres>41</sudokunew_board_thres>

<bulletadd_exp>20</bulletadd_exp>
<bullet_thres>29</bullet_thres>

<x>115</x>
<y>92</y>
<z>-200</z>

<debug_flag>0</debug_flag>
<debug_mode>0</debug_mode>
<writemov>0</writemov>
<usevideo>0</usevideo>
<video_path>"/home/ubuntu/Desktop/InfantryVisionFinal/debugmov/95.mp4"</video_path>

<mono_small_armor_720p_const>3.225154601204089e+09</mono_small_armor_720p_const>
<mono_small_armor_1080p_const>3.215247173230000e+09</mono_small_armor_1080p_const>
<mono_big_armor_720p_const>5.721752804635057e+09</mono_big_armor_720p_const>
<mono_big_armor_1080p_const>5.781835317948425e+09</mono_big_armor_1080p_const>
<mono_f_720p>1.0332191162109375e+03</mono_f_720p>
<mono_f_1080p>1038.</mono_f_1080p>
<mono_base_720p>4.6563079833984375e+02</mono_base_720p>
<mono_base_1080p>6.4032672119140625e+02</mono_base_1080p>
<mono_x>0</mono_x>
<mono_y>-74.85</mono_y>
<mono_z>-114.23</mono_z>

</opencv_storage>

